id,slug,startDate,lastTradePrice
1105483,nhl-col-det-2026-01-31,2026-01-04T16:31:27.438727Z,0.999
1105484,nhl-nyr-pit-2026-01-31,2026-01-04T16:31:28.207861Z,0.001
1105487,nhl-car-wsh-2026-01-31,2026-01-04T16:31:29.577381Z,0.001
1105488,nhl-tor-van-2026-01-31,2026-01-04T16:31:29.057857Z,0.999
1105489,nhl-cbj-stl-2026-01-31,2026-01-04T16:31:29.836054Z,0.999
1105490,nhl-nj-ott-2026-01-31,2026-01-04T16:31:27.1819Z,0.001
1105491,nhl-nsh-nyi-2026-01-31,2026-01-04T16:31:35.284664Z,0.999
1114882,nhl-bos-tb-2026-02-01,2026-01-05T16:31:29.102699Z,0.001
1122664,nhl-buf-fla-2026-02-02,2026-01-06T16:31:23.364733Z,0.999
1122665,nhl-nyi-wsh-2026-02-02,2026-01-06T16:31:23.877213Z,0.001
1122666,nhl-ott-pit-2026-02-02,2026-01-06T16:31:23.108629Z,0.999
1129493,nhl-buf-tb-2026-02-03,2026-01-07T16:31:27.553213Z,0.001
1129496,nhl-cbj-nj-2026-02-03,2026-01-07T16:31:28.326326Z,0.999
1137062,nhl-mon-wpg-2026-02-04,2026-01-08T16:31:33.906894Z,0.999
1137063,nhl-bos-fla-2026-02-04,2026-01-08T16:31:33.651529Z,0.001
1137064,nhl-min-nsh-2026-02-04,2026-01-08T16:31:32.808191Z,0.999
1143969,nhl-nsh-wsh-2026-02-05,2026-01-09T16:34:35.958555Z,0.001
1143970,nhl-fla-tb-2026-02-05,2026-01-09T16:34:36.645546Z,0.001
1143971,nhl-ott-phi-2026-02-05,2026-01-09T16:34:35.701247Z,0.999
1143972,nhl-car-nyr-2026-02-05,2026-01-09T16:34:36.215388Z,0.999
1047708,nhl-buf-nyi-2026-01-24,2025-12-28T16:31:22.965913Z,0.999
1047711,nhl-det-wpg-2026-01-24,2025-12-28T16:31:25.876523Z,0.999
1047712,nhl-car-ott-2026-01-24,2025-12-28T16:31:26.132496Z,0.999
1047715,nhl-fla-min-2026-01-24,2025-12-28T16:31:26.646464Z,0.999
1058496,nhl-col-tor-2026-01-25,2025-12-29T16:31:28.518562Z,0.999
1058497,nhl-nj-sea-2026-01-25,2025-12-29T16:31:28.26219Z,0.001
1058499,nhl-pit-van-2026-01-25,2025-12-29T16:31:27.748903Z,0.999
1066640,nhl-nyi-phi-2026-01-26,2025-12-30T16:31:25.715538Z,0.999
1066642,nhl-bos-nyr-2026-01-26,2025-12-30T16:31:25.197937Z,0.001
1066643,nhl-ana-edm-2026-01-26,2025-12-30T16:31:26.668037Z,0.001
1074799,nhl-buf-tor-2026-01-27,2025-12-31T16:31:26.016413Z,0.999
1074804,nhl-chi-min-2026-01-27,2025-12-31T16:31:29.03447Z,0.001
1074805,nhl-dal-stl-2026-01-27,2025-12-31T16:31:27.344805Z,0.999
1074807,nhl-sj-van-2026-01-27,2025-12-31T16:31:28.777437Z,0.999
1082020,nhl-col-ott-2026-01-28,2026-01-01T16:31:21.958814Z,0.001
1087858,nhl-chi-pit-2026-01-29,2026-01-02T16:31:18.95479Z,0.001
1087861,nhl-nyi-nyr-2026-01-29,2026-01-02T16:31:19.210987Z,0.999
1087862,nhl-col-mon-2026-01-29,2026-01-02T16:31:27.960935Z,0.001
1087868,nhl-fla-stl-2026-01-29,2026-01-02T16:31:31.690786Z,0.09
1087872,nhl-ana-van-2026-01-29,2026-01-02T16:31:31.434837Z,0.001
1097752,nhl-cbj-chi-2026-01-30,2026-01-03T16:31:23.042031Z,0.999
989373,nhl-fla-wsh-2026-01-17,2025-12-21T16:31:20.413378Z,0.999
989375,nhl-mon-ott-2026-01-17,2025-12-21T16:31:22.4767Z,0.999
989376,nhl-car-nj-2026-01-17,2025-12-21T16:31:23.832389Z,0.999
989377,nhl-bos-chi-2026-01-17,2025-12-21T16:31:36.851567Z,0.999
989380,nhl-edm-van-2026-01-17,2025-12-21T16:31:36.595Z,0.999
1004771,nhl-buf-car-2026-01-19,2025-12-23T16:31:17.960401Z,0.001
1004773,nhl-pit-sea-2026-01-19,2025-12-23T16:31:20.846561Z,0.999
1004775,nhl-min-tor-2026-01-19,2025-12-23T16:31:15.089231Z,0.999
1004780,nhl-nyi-van-2026-01-19,2025-12-23T16:31:21.174183Z,0.999
1011962,nhl-sj-tb-2026-01-20,2025-12-24T16:31:29.936983Z,0.001
1011963,nhl-min-mon-2026-01-20,2025-12-24T16:31:28.990162Z,0.001
1011964,nhl-bos-dal-2026-01-20,2025-12-24T16:31:28.476506Z,0.001
1011965,nhl-stl-wpg-2026-01-20,2025-12-24T16:31:28.732965Z,0.01
1011966,nhl-buf-nsh-2026-01-20,2025-12-24T16:31:29.679988Z,0.999
1020421,nhl-det-tor-2026-01-21,2025-12-25T16:31:22.432013Z,0.999
1020422,nhl-ana-col-2026-01-21,2025-12-25T16:31:24.539028Z,0.999
1020425,nhl-nyi-sea-2026-01-21,2025-12-25T16:31:28.536503Z,0.001
1028904,nhl-buf-mon-2026-01-22,2025-12-26T16:31:07.087967Z,0.999
1028907,nhl-fla-wpg-2026-01-22,2025-12-26T16:31:26.887069Z,0.999
1028910,nhl-det-min-2026-01-22,2025-12-26T16:31:30.762612Z,0.001
1039349,nhl-ana-sea-2026-01-23,2025-12-27T16:31:23.591787Z,0.999
1039350,nhl-nj-van-2026-01-23,2025-12-27T16:31:25.491219Z,0.999
1039351,nhl-nyr-sj-2026-01-23,2025-12-27T16:31:23.848034Z,0.01
941406,nhl-nj-wpg-2026-01-11,2025-12-15T16:31:21.731742Z,0.001
949261,nhl-car-det-2026-01-12,2025-12-16T16:31:11.737979Z,0.001
955411,nhl-mon-wsh-2026-01-13,2025-12-17T16:31:25.64449Z,0.001
955415,nhl-nyi-wpg-2026-01-13,2025-12-17T16:31:27.191273Z,0.001
955416,nhl-edm-nsh-2026-01-13,2025-12-17T16:31:27.447009Z,0.001
955417,nhl-car-stl-2026-01-13,2025-12-17T16:31:26.934476Z,0.001
972673,nhl-sj-wsh-2026-01-15,2025-12-19T16:31:11.655799Z,0.999
972674,nhl-phi-pit-2026-01-15,2025-12-19T16:31:20.221959Z,0.018
989369,nhl-nyr-phi-2026-01-17,2025-12-21T16:31:18.236027Z,0.999
989372,nhl-tor-wpg-2026-01-17,2025-12-21T16:31:22.73343Z,0.999
989374,nhl-cbj-pit-2026-01-17,2025-12-21T16:31:21.963163Z,0.999
896286,nhl-car-nj-2026-01-04,2025-12-08T16:39:06.814045Z,1.0
902569,nhl-ana-wsh-2026-01-05,2025-12-09T16:36:45.819926Z,1.0
902571,nhl-det-ott-2026-01-05,2025-12-09T16:36:46.33069Z,1.0
906857,nhl-col-tb-2026-01-06,2025-12-10T16:31:24.575378Z,0.001
906858,nhl-ana-phi-2026-01-06,2025-12-10T16:31:22.098619Z,0.001
906859,nhl-nj-nyi-2026-01-06,2025-12-10T16:31:26.00625Z,0.001
906862,nhl-fla-tor-2026-01-06,2025-12-10T16:31:24.319305Z,0.002
906865,nhl-bos-sea-2026-01-06,2025-12-10T16:31:26.953663Z,0.001
906866,nhl-cbj-sj-2026-01-06,2025-12-10T16:31:25.23715Z,0.001
914647,nhl-dal-wsh-2026-01-07,2025-12-11T17:51:58.572168Z,0.999
920327,nhl-nj-pit-2026-01-08,2025-12-12T16:31:23.540551Z,0.001
920328,nhl-buf-nyr-2026-01-08,2025-12-12T16:31:23.029512Z,0.999
920329,nhl-fla-mon-2026-01-08,2025-12-12T16:31:24.079406Z,0.001
920330,nhl-ana-car-2026-01-08,2025-12-12T16:31:24.334327Z,0.009
920333,nhl-edm-wpg-2026-01-08,2025-12-12T16:31:27.888157Z,0.999
920336,nhl-min-sea-2026-01-08,2025-12-12T16:31:28.651859Z,0.999
933464,nhl-dal-sj-2026-01-10,2025-12-14T16:37:46.624646Z,0.001
933465,nhl-cbj-col-2026-01-10,2025-12-14T16:37:48.199252Z,0.006
933468,nhl-fla-ott-2026-01-10,2025-12-14T16:37:48.454949Z,0.999
933469,nhl-det-mon-2026-01-10,2025-12-14T16:37:47.416838Z,0.999
933471,nhl-ana-buf-2026-01-10,2025-12-14T16:37:48.710748Z,0.001
933473,nhl-chi-nsh-2026-01-10,2025-12-14T16:37:48.966618Z,0.999
798670,nhl-cbj-ott-2025-12-29,2025-12-02T16:31:20.959596Z,1.0
810168,nhl-nj-tor-2025-12-30,2025-12-03T16:31:09.65061Z,1.0
810170,nhl-car-pit-2025-12-30,2025-12-03T16:31:12.732729Z,1.0
810172,nhl-phi-van-2025-12-30,2025-12-03T16:31:11.495584Z,1.0
821592,nhl-nyr-wsh-2025-12-31,2025-12-04T16:31:25.182234Z,1.0
821595,nhl-min-sj-2025-12-31,2025-12-04T16:31:27.440636Z,1.0
821598,nhl-buf-dal-2025-12-31,2025-12-04T16:31:27.949411Z,1.0
821600,nhl-bos-edm-2025-12-31,2025-12-04T16:31:29.073369Z,1.0
834842,nhl-det-pit-2026-01-01,2025-12-05T16:31:15.638032Z,1.0
834845,nhl-nsh-sea-2026-01-01,2025-12-05T16:31:19.735186Z,1.0
865617,nhl-sea-van-2026-01-02,2025-12-06T16:31:29.671416Z,1.0
884904,nhl-buf-cbj-2026-01-03,2025-12-07T16:31:21.700397Z,1.0
884907,nhl-mon-stl-2026-01-03,2025-12-07T16:31:21.446371Z,1.0
884909,nhl-chi-wsh-2026-01-03,2025-12-07T16:31:24.073248Z,1.0
884915,nhl-bos-van-2026-01-03,2025-12-07T16:31:25.613677Z,1.0
896285,nhl-col-fla-2026-01-04,2025-12-08T16:39:06.558824Z,1.0
698663,nhl-sea-sj-2025-12-20,2025-11-23T16:31:26.814045Z,1.0
701027,nhl-col-min-2025-12-21,2025-11-24T16:31:11.270603Z,1.0
701030,nhl-mon-pit-2025-12-21,2025-11-24T16:31:10.751236Z,1.0
701031,nhl-buf-nj-2025-12-21,2025-11-24T16:31:11.528368Z,1.0
703497,nhl-stl-tb-2025-12-22,2025-11-25T16:31:22.578307Z,1.0
705762,nhl-pit-tor-2025-12-23,2025-11-26T16:31:28.26725Z,1.0
705763,nhl-nyr-wsh-2025-12-23,2025-11-26T16:31:28.527351Z,1.0
705764,nhl-buf-ott-2025-12-23,2025-11-26T16:31:30.358098Z,1.0
705765,nhl-nj-nyi-2025-12-23,2025-11-26T16:31:32.864498Z,1.0
705767,nhl-dal-det-2025-12-23,2025-11-26T16:31:30.873502Z,1.0
776037,nhl-min-wpg-2025-12-27,2025-11-30T16:31:30.424447Z,1.0
776039,nhl-ott-tor-2025-12-27,2025-11-30T16:31:32.405409Z,1.0
776042,nhl-bos-buf-2025-12-27,2025-11-30T16:31:35.239575Z,1.0
776043,nhl-nsh-stl-2025-12-27,2025-11-30T16:31:34.982676Z,1.0
776044,nhl-chi-dal-2025-12-27,2025-11-30T16:31:32.916533Z,1.0
776047,nhl-sj-van-2025-12-27,2025-11-30T16:31:36.654858Z,1.0
787943,nhl-mon-tb-2025-12-28,2025-12-01T16:31:13.496824Z,1.0
787947,nhl-phi-sea-2025-12-28,2025-12-01T16:31:27.240786Z,1.0
798672,nhl-edm-wpg-2025-12-29,2025-12-02T16:31:22.658829Z,1.0
798673,nhl-buf-stl-2025-12-29,2025-12-02T16:31:22.351451Z,1.0
685744,nhl-car-phi-2025-12-14,2025-11-16T16:31:17.268022Z,1.0
687259,nhl-bos-min-2025-12-14,2025-11-17T16:31:18.16363Z,1.0
691607,nhl-chi-tor-2025-12-16,2025-11-19T16:31:17.165317Z,1.0
691608,nhl-ana-cbj-2025-12-16,2025-11-19T16:31:17.677104Z,1.0
691609,nhl-edm-pit-2025-12-16,2025-11-19T16:31:18.188693Z,1.0
691615,nhl-col-sea-2025-12-16,2025-11-19T16:31:17.932158Z,1.0
693276,nhl-car-nsh-2025-12-17,2025-11-20T16:31:23.196032Z,1.0
695301,nhl-tor-wsh-2025-12-18,2025-11-21T16:31:27.644687Z,1.0
695305,nhl-chi-mon-2025-12-18,2025-11-21T16:31:29.612456Z,1.0
695308,nhl-nyr-stl-2025-12-18,2025-11-21T16:31:27.902302Z,1.0
695310,nhl-dal-sj-2025-12-18,2025-11-21T16:31:29.09621Z,1.0
697223,nhl-car-fla-2025-12-19,2025-11-22T16:31:15.497086Z,1.0
698652,nhl-det-wsh-2025-12-20,2025-11-23T16:31:23.603261Z,1.0
698654,nhl-edm-min-2025-12-20,2025-11-23T16:31:23.086349Z,1.0
698655,nhl-chi-ott-2025-12-20,2025-11-23T16:31:21.063296Z,1.0
698659,nhl-car-tb-2025-12-20,2025-11-23T16:31:23.860897Z,1.0
685737,nhl-ana-nj-2025-12-13,2025-11-16T16:31:17.526404Z,1.0
666566,nhl-dal-nyr-2025-12-02,2025-11-05T16:31:17.870497Z,1.0
666569,nhl-bos-det-2025-12-02,2025-11-05T16:31:21.58101Z,1.0
667942,nhl-dal-nj-2025-12-03,2025-11-06T16:31:19.831483Z,1.0
667943,nhl-buf-phi-2025-12-03,2025-11-06T16:31:20.351794Z,1.0
669527,nhl-pit-tb-2025-12-04,2025-11-07T16:31:10.335414Z,1.0
669528,nhl-nyr-ott-2025-12-04,2025-11-07T16:31:10.077606Z,1.0
669529,nhl-col-nyi-2025-12-04,2025-11-07T16:31:13.364315Z,1.0
672833,nhl-col-nyr-2025-12-06,2025-11-09T16:31:09.459878Z,1.0
672834,nhl-cbj-fla-2025-12-06,2025-11-09T16:31:09.717261Z,1.0
674482,nhl-col-phi-2025-12-07,2025-11-10T16:31:22.179781Z,1.0
655261,nhl-dal-edm-2025-11-25,2025-10-29T15:31:04.587995Z,1.0
656838,nhl-wpg-wsh-2025-11-26,2025-10-30T15:31:19.612304Z,1.0
656839,nhl-buf-pit-2025-11-26,2025-10-30T15:31:18.081039Z,1.0
656840,nhl-bos-nyi-2025-11-26,2025-10-30T15:31:18.847195Z,1.0
656847,nhl-dal-sea-2025-11-26,2025-10-30T15:31:22.048166Z,1.0
659915,nhl-col-min-2025-11-28,2025-11-01T15:31:19.637546Z,1.0
659919,nhl-ott-stl-2025-11-28,2025-11-01T15:31:21.952765Z,1.0
659923,nhl-tor-wsh-2025-11-28,2025-11-01T15:31:21.442314Z,1.0
662218,nhl-edm-sea-2025-11-29,2025-11-03T16:31:20.390245Z,1.0
662223,nhl-buf-min-2025-11-29,2025-11-03T16:31:22.314344Z,1.0
662228,nhl-ana-chi-2025-11-30,2025-11-03T16:31:23.082016Z,1.0
665094,nhl-cbj-nj-2025-12-01,2025-11-04T16:31:09.143537Z,1.0
665096,nhl-ana-stl-2025-12-01,2025-11-04T16:31:08.629944Z,1.0
644503,nhl-cbj-wpg-2025-11-18,2025-10-22T15:31:21.57Z,1.0
646464,nhl-edm-wsh-2025-11-19,2025-10-23T15:31:11.566687Z,1.0
646466,nhl-car-min-2025-11-19,2025-10-23T15:31:09.61972Z,1.0
648022,nhl-cbj-tor-2025-11-20,2025-10-24T15:31:21.217615Z,1.0
648023,nhl-edm-tb-2025-11-20,2025-10-24T15:31:19.48033Z,1.0
648031,nhl-dal-van-2025-11-20,2025-10-24T15:31:23.946919Z,1.0
649600,nhl-min-pit-2025-11-21,2025-10-25T15:31:27.701744Z,1.0
649602,nhl-car-wpg-2025-11-21,2025-10-25T15:31:30.063577Z,1.0
650559,nhl-cbj-det-2025-11-22,2025-10-26T15:31:16.513489Z,1.0
650561,nhl-edm-fla-2025-11-22,2025-10-26T15:31:19.474507Z,1.0
650562,nhl-tb-wsh-2025-11-22,2025-10-26T15:31:18.960361Z,1.0
650563,nhl-ott-sj-2025-11-22,2025-10-26T15:31:18.44384Z,1.0
650565,nhl-nj-phi-2025-11-22,2025-10-26T15:31:21.008994Z,1.0
650567,nhl-col-nsh-2025-11-22,2025-10-26T15:31:20.477641Z,1.0
651764,nhl-min-wpg-2025-11-23,2025-10-27T15:31:20.527124Z,1.0
651767,nhl-bos-sj-2025-11-23,2025-10-27T15:31:22.80029Z,1.0
653821,nhl-cbj-wsh-2025-11-24,2025-10-28T15:31:12.905313Z,1.0
653822,nhl-phi-tb-2025-11-24,2025-10-28T15:31:14.965447Z,1.0
653824,nhl-det-nj-2025-11-24,2025-10-28T15:31:17.835075Z,1.0
653825,nhl-fla-nsh-2025-11-24,2025-10-28T15:31:18.093569Z,1.0
636672,nhl-ana-col-2025-11-11,2025-10-15T15:31:14.286669Z,1.0
636673,nhl-cbj-sea-2025-11-11,2025-10-15T15:31:13.426908Z,1.0
637478,nhl-nyr-tb-2025-11-12,2025-10-16T15:32:00.710993Z,1.0
637479,nhl-edm-phi-2025-11-12,2025-10-16T15:32:00.407995Z,1.0
638297,nhl-bos-ott-2025-11-13,2025-10-17T15:31:15.419341Z,1.0
638298,nhl-dal-mon-2025-11-13,2025-10-17T15:31:15.677399Z,1.0
638299,nhl-ana-det-2025-11-13,2025-10-17T15:31:14.903935Z,1.0
638300,nhl-buf-col-2025-11-13,2025-10-17T15:31:16.898902Z,1.0
639096,nhl-phi-stl-2025-11-14,2025-10-18T15:31:21.977596Z,1.0
639738,nhl-ana-min-2025-11-15,2025-10-19T15:31:13.429615Z,1.0
639741,nhl-nj-wsh-2025-11-15,2025-10-19T15:31:15.876324Z,1.0
639743,nhl-bos-mon-2025-11-15,2025-10-19T15:31:15.360392Z,1.0
639745,nhl-buf-det-2025-11-15,2025-10-19T15:31:16.134382Z,1.0
640514,nhl-nsh-pit-2025-11-16,2025-10-20T15:31:01.514407Z,1.0
640517,nhl-det-nyr-2025-11-16,2025-10-20T15:31:22.411703Z,1.0
644500,nhl-stl-tor-2025-11-18,2025-10-22T15:31:19.55Z,1.0
644501,nhl-nj-tb-2025-11-18,2025-10-22T15:31:22.086Z,1.0
628676,nhl-stl-wsh-2025-11-05,2025-10-09T15:31:21.931169Z,1.0
628679,nhl-chi-van-2025-11-05,2025-10-09T15:31:32.917821Z,1.0
630048,nhl-mon-nj-2025-11-06,2025-10-10T15:31:27.705632Z,1.0
630053,nhl-ana-dal-2025-11-06,2025-10-10T15:31:34.784994Z,1.0
631748,nhl-min-nyi-2025-11-07,2025-10-11T15:31:14.05378Z,1.0
632531,nhl-ott-phi-2025-11-08,2025-10-12T15:31:28.758679Z,1.0
632532,nhl-dal-nsh-2025-11-08,2025-10-12T15:31:27.982453Z,1.0
632533,nhl-bos-tor-2025-11-08,2025-10-12T15:31:29.013634Z,1.0
632535,nhl-sea-stl-2025-11-08,2025-10-12T15:31:30.538259Z,1.0
632536,nhl-nyi-nyr-2025-11-08,2025-10-12T15:31:28.2371Z,1.0
632538,nhl-buf-car-2025-11-08,2025-10-12T15:31:30.030535Z,1.0
632540,nhl-cbj-van-2025-11-08,2025-10-12T15:31:30.284383Z,1.0
632541,nhl-fla-sj-2025-11-08,2025-10-12T15:31:30.996771Z,1.0
632542,nhl-col-edm-2025-11-08,2025-10-12T15:31:29.776671Z,1.0
633872,nhl-chi-det-2025-11-09,2025-10-13T15:32:13.98872Z,1.0
633874,nhl-car-tor-2025-11-09,2025-10-13T15:32:13.217012Z,1.0
633879,nhl-col-van-2025-11-09,2025-10-13T15:32:16.538235Z,1.0
635842,nhl-nsh-nyr-2025-11-10,2025-10-14T15:31:26.934353Z,1.0
635844,nhl-cbj-edm-2025-11-10,2025-10-14T15:31:27.1953Z,1.0
636666,nhl-dal-ott-2025-11-11,2025-10-15T15:31:12.001564Z,1.0
626942,nhl-nyr-van-2025-10-28,2025-10-07T22:13:58.335291Z,1.0
626943,nhl-mon-sea-2025-10-28,2025-10-07T22:14:06.525232Z,1.0
626946,nhl-dal-tb-2025-10-30,2025-10-07T22:14:08.83401Z,1.0
626947,nhl-nsh-phi-2025-10-30,2025-10-07T22:14:14.76869Z,1.0
626952,nhl-chi-wpg-2025-10-30,2025-10-07T22:14:10.799294Z,1.0
626955,nhl-nj-sj-2025-10-30,2025-10-07T22:14:26.418772Z,1.0
626958,nhl-nyi-wsh-2025-10-31,2025-10-07T22:14:34.017395Z,1.0
626961,nhl-pit-wpg-2025-11-01,2025-10-07T22:14:46.790934Z,1.0
626963,nhl-col-sj-2025-11-01,2025-10-07T22:14:50.933958Z,1.0
626964,nhl-dal-fla-2025-11-01,2025-10-07T22:14:46.528312Z,1.0
626971,nhl-nyr-sea-2025-11-01,2025-10-07T22:14:51.996036Z,1.0
626972,nhl-chi-edm-2025-11-01,2025-10-07T22:15:06.068936Z,1.0
626974,nhl-cbj-nyi-2025-11-02,2025-10-07T22:15:08.354044Z,1.0
626977,nhl-det-sj-2025-11-02,2025-10-07T22:15:03.867955Z,1.0
626978,nhl-pit-tor-2025-11-03,2025-10-07T22:15:09.994523Z,1.0
626980,nhl-edm-stl-2025-11-03,2025-10-07T22:15:05.805813Z,1.0
626981,nhl-chi-sea-2025-11-03,2025-10-07T22:15:21.972158Z,1.0
628665,nhl-car-nyr-2025-11-04,2025-10-09T15:31:18.77022Z,1.0
628666,nhl-bos-nyi-2025-11-04,2025-10-09T15:31:15.63952Z,1.0
626891,nhl-chi-tb-2025-10-23,2025-10-07T22:12:13.589066Z,1.0
626894,nhl-det-nyi-2025-10-23,2025-10-07T22:12:29.747806Z,1.0
626895,nhl-ana-bos-2025-10-23,2025-10-07T22:12:26.372625Z,1.0
626896,nhl-sea-wpg-2025-10-23,2025-10-07T22:12:32.657504Z,1.0
626900,nhl-car-col-2025-10-23,2025-10-07T22:12:30.524814Z,1.0
626906,nhl-nyi-phi-2025-10-25,2025-10-07T22:12:50.252814Z,1.0
626908,nhl-ana-tb-2025-10-25,2025-10-07T22:12:54.977432Z,1.0
626911,nhl-ott-wsh-2025-10-25,2025-10-07T22:12:52.250739Z,1.0
626912,nhl-mon-van-2025-10-25,2025-10-07T22:12:57.093085Z,1.0
626913,nhl-buf-tor-2025-10-25,2025-10-07T22:13:08.806654Z,1.0
626914,nhl-cbj-pit-2025-10-25,2025-10-07T22:13:08.146853Z,1.0
626917,nhl-car-dal-2025-10-25,2025-10-07T22:13:09.062515Z,1.0
626918,nhl-edm-sea-2025-10-25,2025-10-07T22:13:12.160335Z,1.0
626919,nhl-col-nj-2025-10-26,2025-10-07T22:13:10.291518Z,1.0
626923,nhl-dal-nsh-2025-10-26,2025-10-07T22:13:14.152903Z,1.0
626926,nhl-edm-van-2025-10-26,2025-10-07T22:13:34.107917Z,1.0
626928,nhl-bos-ott-2025-10-27,2025-10-07T22:13:33.2677Z,1.0
626932,nhl-ana-fla-2025-10-28,2025-10-07T22:13:34.365105Z,1.0
626937,nhl-det-stl-2025-10-28,2025-10-07T22:13:56.303979Z,1.0
626840,nhl-chi-stl-2025-10-15,2025-10-07T22:10:29.758476Z,1.0
626841,nhl-nyr-tor-2025-10-16,2025-10-07T22:10:23.08971Z,1.0
626845,nhl-edm-nyi-2025-10-16,2025-10-07T22:10:50.265478Z,1.0
626846,nhl-fla-nj-2025-10-16,2025-10-07T22:10:46.038001Z,1.0
626852,nhl-min-wsh-2025-10-17,2025-10-07T22:10:53.183581Z,1.0
626857,nhl-nyi-ott-2025-10-18,2025-10-07T22:11:10.188526Z,1.0
626858,nhl-edm-nj-2025-10-18,2025-10-07T22:11:06.528084Z,1.0
626860,nhl-nsh-wpg-2025-10-18,2025-10-07T22:11:12.717668Z,1.0
626861,nhl-sea-tor-2025-10-18,2025-10-07T22:11:12.974491Z,1.0
626862,nhl-dal-stl-2025-10-18,2025-10-07T22:11:13.995549Z,1.0
626863,nhl-min-phi-2025-10-18,2025-10-07T22:11:27.394177Z,1.0
626865,nhl-bos-col-2025-10-18,2025-10-07T22:11:28.797976Z,1.0
626868,nhl-pit-sj-2025-10-18,2025-10-07T22:11:28.54063Z,1.0
626869,nhl-van-wsh-2025-10-19,2025-10-07T22:11:30.851909Z,1.0
626872,nhl-ana-chi-2025-10-19,2025-10-07T22:11:30.594985Z,1.0
626874,nhl-min-nyr-2025-10-20,2025-10-07T22:11:50.699629Z,1.0
626875,nhl-buf-mon-2025-10-20,2025-10-07T22:11:48.539044Z,1.0
626878,nhl-sea-wsh-2025-10-21,2025-10-07T22:11:50.442579Z,1.0
626879,nhl-nj-tor-2025-10-21,2025-10-07T22:11:56.465913Z,1.0
626881,nhl-edm-ott-2025-10-21,2025-10-07T22:11:48.796328Z,1.0
626884,nhl-ana-nsh-2025-10-21,2025-10-07T22:12:06.638492Z,1.0
626886,nhl-cbj-dal-2025-10-21,2025-10-07T22:12:10.541935Z,1.0
628664,nhl-min-nj-2025-10-22,2025-10-09T15:31:18.007988Z,1.0
620949,nhl-ott-tb-2025-10-09,2025-10-03T16:31:21.271737Z,1.0
620956,nhl-dal-wpg-2025-10-09,2025-10-03T16:31:28.499628Z,1.0
620957,nhl-cbj-nsh-2025-10-09,2025-10-03T16:31:30.096Z,1.0
620958,nhl-min-stl-2025-10-09,2025-10-03T16:31:30.354451Z,1.0
620960,nhl-ana-sea-2025-10-09,2025-10-03T16:31:32.084903Z,1.0
622357,nhl-nj-tb-2025-10-11,2025-10-05T15:31:26.945132Z,1.0
622358,nhl-nyr-pit-2025-10-11,2025-10-05T15:31:27.457389Z,1.0
622364,nhl-cbj-min-2025-10-11,2025-10-05T15:31:26.689423Z,1.0
622368,nhl-ana-sj-2025-10-11,2025-10-05T15:31:28.883457Z,1.0
626096,nhl-nsh-ott-2025-10-13,2025-10-07T15:31:18.349Z,1.0
626099,nhl-det-tor-2025-10-13,2025-10-07T15:31:22.077Z,1.0
626101,nhl-fla-phi-2025-10-13,2025-10-07T15:31:24.009914Z,1.0
626102,nhl-stl-van-2025-10-13,2025-10-07T15:31:18.092711Z,1.0
626829,nhl-tb-wsh-2025-10-14,2025-10-07T22:10:03.797988Z,1.0
626830,nhl-nsh-tor-2025-10-14,2025-10-07T22:10:04.737734Z,1.0
626831,nhl-edm-nyr-2025-10-14,2025-10-07T22:10:05.066573Z,1.0
626835,nhl-car-sj-2025-10-14,2025-10-07T22:10:32.163478Z,1.0
619986,nhl-det-tor-2025-10-02,2025-10-02T16:31:16.256353Z,1.0
619987,nhl-fla-tb-2025-10-02,2025-10-02T16:31:18.472849Z,1.0
619988,nhl-nyi-phi-2025-10-02,2025-10-02T16:31:15.596839Z,1.0
619989,nhl-nj-nyr-2025-10-02,2025-10-02T16:31:16.512864Z,1.0
619990,nhl-la-uta-2025-10-02,2025-10-02T16:31:20.27189Z,1.0
619991,nhl-ott-stl-2025-10-02,2025-10-02T16:31:18.216275Z,1.0
619992,nhl-buf-pit-2025-10-03,2025-10-02T16:31:20.528453Z,1.0
619995,nhl-edm-van-2025-10-03,2025-10-02T16:31:24.137259Z,1.0
619998,nhl-nj-phi-2025-10-04,2025-10-02T16:31:26.241105Z,1.0
620000,nhl-ana-la-2025-10-04,2025-10-02T16:31:28.799635Z,1.0
620001,nhl-col-dal-2025-10-04,2025-10-02T16:31:28.542725Z,1.0
620006,nhl-sj-uta-2025-10-04,2025-10-02T16:31:32.594775Z,0.2
620008,nhl-chi-fla-2025-10-07,2025-10-02T16:31:34.55351Z,1.0
620011,nhl-mon-tor-2025-10-08,2025-10-02T16:31:38.510959Z,1.0
620012,nhl-bos-wsh-2025-10-08,2025-10-02T16:31:38.822Z,1.0
620951,nhl-nyi-pit-2025-10-09,2025-10-03T16:31:21.009814Z,1.0
605071,nhl-det-pit-2025-09-26,2025-09-20T06:23:04.474341Z,1.0
605072,nhl-car-tb-2025-09-26,2025-09-20T06:23:04.21815Z,1.0
605073,nhl-nj-nyi-2025-09-26,2025-09-20T06:23:06.540056Z,1.0
605076,nhl-sea-van-2025-09-26,2025-09-20T06:23:10.498461Z,1.0
608425,nhl-bos-phi-2025-09-27,2025-09-22T20:16:03.192362Z,1.0
608426,nhl-ana-la-2025-09-27,2025-09-22T20:16:00.31061Z,1.0
608427,nhl-mon-tor-2025-09-27,2025-09-22T20:16:09.327797Z,1.0
608430,nhl-cbj-pit-2025-09-27,2025-09-22T20:16:17.778712Z,1.0
608431,nhl-cgy-wpg-2025-09-27,2025-09-22T20:16:17.494172Z,
608432,nhl-chi-stl-2025-09-27,2025-09-22T20:16:19.757185Z,1.0
608433,nhl-nj-ott-2025-09-28,2025-09-22T20:16:19.499498Z,1.0
608437,nhl-chi-min-2025-09-28,2025-09-22T20:16:23.787629Z,1.0
